,posted,recommend_percentage,sum_review
0,2010-10-16,100.0,1
1,2010-10-25,100.0,1
2,2010-11-19,100.0,1
3,2010-11-20,100.0,2
4,2010-11-22,100.0,3
5,2010-11-23,100.0,1
6,2010-11-24,100.0,2
7,2010-11-25,100.0,1
8,2010-11-26,100.0,5
9,2010-11-28,100.0,1
10,2010-11-30,100.0,1
11,2010-12-03,100.0,1
12,2010-12-07,100.0,3
13,2010-12-09,100.0,1
14,2010-12-11,100.0,1
15,2010-12-12,100.0,2
16,2010-12-14,100.0,2
17,2010-12-15,100.0,2
18,2010-12-16,100.0,1
19,2010-12-17,100.0,1
20,2010-12-18,90.9090909090909,11
21,2010-12-19,100.0,4
22,2010-12-20,100.0,5
23,2010-12-21,100.0,1
24,2010-12-23,100.0,1
25,2010-12-24,100.0,1
26,2010-12-25,100.0,2
27,2010-12-26,100.0,2
28,2010-12-27,100.0,1
29,2010-12-28,100.0,4
30,2010-12-31,100.0,1
31,2011-01-03,100.0,2
32,2011-01-04,100.0,1
33,2011-01-05,100.0,2
34,2011-01-07,100.0,1
35,2011-01-08,100.0,1
36,2011-01-12,100.0,1
37,2011-01-15,100.0,1
38,2011-01-17,100.0,1
39,2011-01-21,100.0,2
40,2011-01-22,100.0,2
41,2011-01-23,100.0,1
42,2011-01-26,100.0,1
43,2011-01-27,100.0,4
44,2011-01-28,100.0,1
45,2011-01-29,100.0,3
46,2011-01-30,100.0,1
47,2011-02-04,100.0,1
48,2011-02-05,100.0,6
49,2011-02-09,100.0,1
50,2011-02-14,100.0,1
51,2011-02-15,100.0,2
52,2011-02-17,100.0,1
53,2011-02-20,100.0,1
54,2011-02-22,100.0,1
55,2011-02-25,100.0,2
56,2011-02-27,100.0,2
57,2011-02-28,100.0,3
58,2011-03-05,100.0,1
59,2011-03-06,50.0,2
60,2011-03-10,100.0,2
61,2011-03-11,100.0,1
62,2011-03-19,100.0,2
63,2011-03-21,100.0,1
64,2011-03-22,100.0,3
65,2011-03-25,100.0,1
66,2011-03-26,100.0,1
67,2011-04-03,100.0,1
68,2011-04-15,100.0,1
69,2011-04-20,100.0,4
70,2011-04-21,100.0,1
71,2011-04-22,100.0,2
72,2011-04-25,100.0,2
73,2011-04-26,100.0,1
74,2011-05-02,100.0,1
75,2011-05-03,100.0,2
76,2011-05-06,100.0,1
77,2011-05-09,100.0,2
78,2011-05-10,100.0,1
79,2011-05-16,100.0,1
80,2011-05-17,100.0,2
81,2011-05-18,100.0,1
82,2011-05-19,100.0,1
83,2011-05-20,100.0,1
84,2011-05-21,100.0,2
85,2011-05-26,100.0,1
86,2011-05-28,100.0,1
87,2011-05-29,100.0,2
88,2011-06-02,66.66666666666666,3
89,2011-06-03,100.0,1
90,2011-06-04,100.0,1
91,2011-06-05,100.0,1
92,2011-06-06,100.0,2
93,2011-06-08,100.0,3
94,2011-06-11,100.0,3
95,2011-06-13,100.0,1
96,2011-06-15,100.0,1
97,2011-06-18,100.0,1
98,2011-06-19,100.0,1
99,2011-06-20,100.0,3
100,2011-06-22,100.0,2
101,2011-06-24,100.0,10
102,2011-06-26,100.0,1
103,2011-06-27,100.0,2
104,2011-07-01,100.0,4
105,2011-07-02,100.0,2
106,2011-07-03,100.0,25
107,2011-07-04,100.0,18
108,2011-07-05,100.0,5
109,2011-07-06,100.0,6
110,2011-07-07,100.0,4
111,2011-07-08,100.0,3
112,2011-07-09,100.0,6
113,2011-07-10,100.0,5
114,2011-07-11,100.0,1
115,2011-07-12,100.0,1
116,2011-07-13,100.0,1
117,2011-07-14,100.0,2
118,2011-07-15,100.0,1
119,2011-07-16,100.0,2
120,2011-07-17,100.0,2
121,2011-07-19,0.0,1
122,2011-07-22,100.0,3
123,2011-07-24,100.0,6
124,2011-07-25,100.0,1
125,2011-07-27,100.0,2
126,2011-07-28,100.0,3
127,2011-07-29,100.0,2
128,2011-07-30,100.0,3
129,2011-07-31,100.0,1
130,2011-08-01,100.0,2
131,2011-08-02,100.0,2
132,2011-08-03,100.0,3
133,2011-08-04,100.0,2
134,2011-08-05,100.0,1
135,2011-08-06,100.0,1
136,2011-08-07,100.0,1
137,2011-08-11,100.0,1
138,2011-08-14,100.0,2
139,2011-08-15,100.0,2
140,2011-08-17,100.0,2
141,2011-08-18,100.0,2
142,2011-08-19,100.0,2
143,2011-08-21,100.0,3
144,2011-08-23,100.0,2
145,2011-08-24,100.0,2
146,2011-08-25,100.0,2
147,2011-08-27,100.0,1
148,2011-08-28,100.0,1
149,2011-08-31,100.0,2
150,2011-09-04,100.0,1
151,2011-09-06,100.0,2
152,2011-09-07,100.0,1
153,2011-09-08,100.0,1
154,2011-09-09,66.66666666666666,3
155,2011-09-10,100.0,2
156,2011-09-11,100.0,1
157,2011-09-12,100.0,1
158,2011-09-14,100.0,1
159,2011-09-15,100.0,1
160,2011-09-16,100.0,4
161,2011-09-19,100.0,2
162,2011-09-20,100.0,1
163,2011-09-21,100.0,1
164,2011-09-22,100.0,4
165,2011-09-23,100.0,2
166,2011-09-24,100.0,1
167,2011-09-25,100.0,1
168,2011-09-26,100.0,1
169,2011-09-28,100.0,1
170,2011-09-29,100.0,1
171,2011-09-30,100.0,2
172,2011-10-01,100.0,1
173,2011-10-03,100.0,4
174,2011-10-05,100.0,1
175,2011-10-06,66.66666666666666,3
176,2011-10-07,100.0,3
177,2011-10-08,66.66666666666666,3
178,2011-10-10,100.0,2
179,2011-10-12,100.0,1
180,2011-10-13,100.0,1
181,2011-10-15,100.0,2
182,2011-10-18,100.0,3
183,2011-10-20,100.0,3
184,2011-10-21,100.0,2
185,2011-10-24,100.0,2
186,2011-10-26,100.0,1
187,2011-10-27,100.0,1
188,2011-10-28,100.0,2
189,2011-10-30,100.0,2
190,2011-10-31,100.0,1
191,2011-11-03,100.0,4
192,2011-11-04,100.0,1
193,2011-11-05,100.0,3
194,2011-11-08,100.0,2
195,2011-11-09,100.0,2
196,2011-11-11,100.0,1
197,2011-11-14,100.0,4
198,2011-11-15,100.0,1
199,2011-11-16,100.0,1
200,2011-11-17,50.0,2
201,2011-11-21,100.0,1
202,2011-11-22,100.0,1
203,2011-11-25,80.0,5
204,2011-11-26,100.0,2
205,2011-11-27,100.0,2
206,2011-11-29,100.0,1
207,2011-11-30,100.0,1
208,2011-12-02,100.0,1
209,2011-12-03,100.0,3
210,2011-12-04,100.0,2
211,2011-12-06,100.0,1
212,2011-12-08,100.0,3
213,2011-12-09,100.0,2
214,2011-12-10,100.0,2
215,2011-12-13,100.0,5
216,2011-12-14,100.0,1
217,2011-12-15,100.0,3
218,2011-12-16,100.0,1
219,2011-12-17,100.0,3
220,2011-12-18,100.0,1
221,2011-12-20,100.0,3
222,2011-12-21,100.0,2
223,2011-12-22,100.0,2
224,2011-12-23,66.66666666666666,3
225,2011-12-24,100.0,2
226,2011-12-25,100.0,1
227,2011-12-26,100.0,2
228,2011-12-27,96.66666666666667,60
229,2011-12-28,96.0,25
230,2011-12-29,100.0,11
231,2011-12-30,100.0,9
232,2011-12-31,100.0,4
233,2012-01-01,100.0,5
234,2012-01-02,100.0,8
235,2012-01-04,100.0,1
236,2012-01-05,100.0,1
237,2012-01-06,100.0,2
238,2012-01-08,100.0,2
239,2012-01-09,100.0,1
240,2012-01-10,100.0,1
241,2012-01-11,100.0,4
242,2012-01-13,100.0,1
243,2012-01-14,100.0,2
244,2012-01-18,100.0,2
245,2012-01-19,100.0,1
246,2012-01-20,100.0,1
247,2012-01-21,100.0,2
248,2012-01-22,100.0,1
249,2012-01-23,100.0,2
250,2012-01-25,100.0,2
251,2012-01-26,100.0,2
252,2012-01-28,100.0,2
253,2012-01-30,100.0,1
254,2012-02-01,100.0,1
255,2012-02-02,100.0,3
256,2012-02-03,100.0,3
257,2012-02-04,100.0,1
258,2012-02-05,100.0,2
259,2012-02-06,100.0,3
260,2012-02-08,100.0,1
261,2012-02-10,100.0,1
262,2012-02-11,100.0,3
263,2012-02-13,100.0,4
264,2012-02-14,100.0,1
265,2012-02-15,66.66666666666666,3
266,2012-02-16,100.0,1
267,2012-02-17,100.0,3
268,2012-02-20,100.0,1
269,2012-02-22,100.0,2
270,2012-02-23,100.0,3
271,2012-02-24,100.0,1
272,2012-02-25,100.0,2
273,2012-02-26,100.0,1
274,2012-02-27,100.0,1
275,2012-02-29,100.0,2
276,2012-03-01,100.0,1
277,2012-03-02,100.0,1
278,2012-03-03,100.0,2
279,2012-03-04,100.0,2
280,2012-03-07,100.0,1
281,2012-03-08,100.0,4
282,2012-03-09,100.0,2
283,2012-03-10,100.0,2
284,2012-03-11,100.0,1
285,2012-03-12,100.0,1
286,2012-03-13,100.0,2
287,2012-03-17,100.0,4
288,2012-03-18,100.0,2
289,2012-03-19,100.0,4
290,2012-03-20,100.0,2
291,2012-03-21,100.0,2
292,2012-03-22,100.0,3
293,2012-03-23,100.0,6
294,2012-03-24,100.0,7
295,2012-03-26,100.0,1
296,2012-03-27,100.0,1
297,2012-03-28,100.0,1
298,2012-03-29,100.0,3
299,2012-03-30,100.0,1
300,2012-03-31,100.0,1
301,2012-04-01,100.0,3
302,2012-04-02,100.0,1
303,2012-04-03,100.0,2
304,2012-04-04,100.0,2
305,2012-04-07,100.0,2
306,2012-04-10,100.0,2
307,2012-04-11,100.0,2
308,2012-04-12,100.0,2
309,2012-04-13,100.0,3
310,2012-04-14,100.0,1
311,2012-04-15,100.0,1
312,2012-04-16,100.0,1
313,2012-04-19,100.0,1
314,2012-04-20,100.0,1
315,2012-04-22,100.0,1
316,2012-04-24,0.0,1
317,2012-04-27,100.0,2
318,2012-04-28,100.0,1
319,2012-04-29,100.0,5
320,2012-04-30,100.0,1
321,2012-05-01,100.0,1
322,2012-05-02,100.0,2
323,2012-05-03,100.0,2
324,2012-05-05,100.0,5
325,2012-05-07,100.0,1
326,2012-05-09,100.0,3
327,2012-05-10,100.0,2
328,2012-05-12,100.0,1
329,2012-05-13,100.0,2
330,2012-05-15,100.0,2
331,2012-05-16,100.0,3
332,2012-05-17,100.0,3
333,2012-05-18,100.0,4
334,2012-05-19,100.0,2
335,2012-05-20,100.0,1
336,2012-05-22,100.0,3
337,2012-05-23,100.0,2
338,2012-05-24,100.0,2
339,2012-05-25,100.0,1
340,2012-05-27,100.0,2
341,2012-05-28,100.0,2
342,2012-05-29,100.0,1
343,2012-05-30,100.0,3
344,2012-05-31,100.0,1
345,2012-06-01,100.0,5
346,2012-06-02,100.0,3
347,2012-06-03,100.0,1
348,2012-06-04,100.0,1
349,2012-06-05,100.0,2
350,2012-06-06,0.0,1
351,2012-06-08,100.0,3
352,2012-06-09,100.0,3
353,2012-06-10,75.0,4
354,2012-06-11,100.0,1
355,2012-06-12,100.0,2
356,2012-06-13,100.0,3
357,2012-06-14,100.0,5
358,2012-06-15,100.0,4
359,2012-06-16,100.0,3
360,2012-06-17,100.0,4
361,2012-06-18,100.0,2
362,2012-06-19,100.0,2
363,2012-06-20,100.0,3
364,2012-06-21,100.0,1
365,2012-06-22,100.0,1
366,2012-06-23,100.0,6
367,2012-06-26,100.0,2
368,2012-06-27,100.0,2
369,2012-06-28,100.0,1
370,2012-06-29,100.0,4
371,2012-06-30,100.0,1
372,2012-07-01,100.0,2
373,2012-07-03,100.0,3
374,2012-07-04,100.0,2
375,2012-07-05,100.0,3
376,2012-07-06,100.0,3
377,2012-07-07,100.0,3
378,2012-07-08,100.0,4
379,2012-07-09,100.0,7
380,2012-07-10,100.0,4
381,2012-07-11,100.0,3
382,2012-07-12,100.0,24
383,2012-07-13,100.0,26
384,2012-07-14,100.0,19
385,2012-07-15,100.0,17
386,2012-07-16,100.0,7
387,2012-07-17,93.75,16
388,2012-07-18,100.0,8
389,2012-07-19,100.0,12
390,2012-07-20,100.0,11
391,2012-07-21,100.0,5
392,2012-07-22,100.0,7
393,2012-07-23,100.0,4
394,2012-07-24,100.0,6
395,2012-07-25,100.0,2
396,2012-07-26,100.0,6
397,2012-07-27,100.0,4
398,2012-07-28,100.0,12
399,2012-07-29,100.0,3
400,2012-07-30,100.0,3
401,2012-07-31,100.0,3
402,2012-08-01,100.0,3
403,2012-08-02,50.0,2
404,2012-08-03,100.0,3
405,2012-08-04,100.0,6
406,2012-08-05,100.0,4
407,2012-08-06,100.0,2
408,2012-08-07,100.0,6
409,2012-08-08,100.0,3
410,2012-08-09,100.0,3
411,2012-08-10,100.0,6
412,2012-08-11,100.0,8
413,2012-08-12,100.0,3
414,2012-08-13,100.0,4
415,2012-08-14,100.0,4
416,2012-08-15,100.0,2
417,2012-08-16,100.0,5
418,2012-08-17,100.0,10
419,2012-08-18,100.0,7
420,2012-08-19,100.0,4
421,2012-08-20,100.0,3
422,2012-08-21,100.0,4
423,2012-08-22,100.0,3
424,2012-08-23,100.0,2
425,2012-08-24,100.0,2
426,2012-08-25,100.0,10
427,2012-08-26,100.0,3
428,2012-08-27,100.0,6
429,2012-08-28,100.0,2
430,2012-08-29,100.0,4
431,2012-08-30,100.0,2
432,2012-08-31,100.0,4
433,2012-09-01,100.0,5
434,2012-09-02,100.0,3
435,2012-09-04,100.0,1
436,2012-09-05,100.0,7
437,2012-09-06,100.0,6
438,2012-09-07,75.0,4
439,2012-09-08,100.0,8
440,2012-09-09,100.0,5
441,2012-09-10,100.0,2
442,2012-09-11,100.0,3
443,2012-09-13,100.0,6
444,2012-09-14,100.0,2
445,2012-09-15,100.0,9
446,2012-09-16,100.0,3
447,2012-09-17,100.0,1
448,2012-09-18,100.0,4
449,2012-09-19,100.0,3
450,2012-09-20,100.0,3
451,2012-09-21,100.0,8
452,2012-09-22,100.0,5
453,2012-09-23,100.0,1
454,2012-09-24,100.0,3
455,2012-09-25,100.0,4
456,2012-09-26,100.0,5
457,2012-09-27,85.71428571428571,7
458,2012-09-28,100.0,3
459,2012-09-29,100.0,2
460,2012-09-30,100.0,6
461,2012-10-01,100.0,4
462,2012-10-02,100.0,1
463,2012-10-03,100.0,3
464,2012-10-04,100.0,3
465,2012-10-05,100.0,6
466,2012-10-06,100.0,2
467,2012-10-08,75.0,4
468,2012-10-09,100.0,1
469,2012-10-10,100.0,2
470,2012-10-11,100.0,4
471,2012-10-12,100.0,4
472,2012-10-13,85.71428571428571,7
473,2012-10-14,100.0,5
474,2012-10-15,100.0,10
475,2012-10-16,100.0,3
476,2012-10-17,100.0,1
477,2012-10-18,100.0,6
478,2012-10-19,100.0,3
479,2012-10-20,100.0,3
480,2012-10-21,100.0,6
481,2012-10-22,100.0,6
482,2012-10-23,100.0,6
483,2012-10-24,100.0,7
484,2012-10-25,100.0,3
485,2012-10-26,100.0,3
486,2012-10-27,100.0,3
487,2012-10-28,100.0,5
488,2012-10-29,100.0,5
489,2012-10-30,100.0,4
490,2012-10-31,100.0,4
491,2012-11-01,100.0,3
492,2012-11-02,100.0,8
493,2012-11-03,100.0,1
494,2012-11-04,100.0,5
495,2012-11-05,100.0,1
496,2012-11-06,100.0,3
497,2012-11-07,100.0,9
498,2012-11-08,100.0,2
499,2012-11-09,100.0,3
500,2012-11-10,100.0,6
501,2012-11-11,100.0,2
502,2012-11-12,100.0,4
503,2012-11-13,100.0,1
504,2012-11-14,100.0,5
505,2012-11-15,100.0,3
506,2012-11-16,100.0,1
507,2012-11-17,100.0,9
508,2012-11-18,100.0,4
509,2012-11-19,100.0,3
510,2012-11-20,100.0,1
511,2012-11-21,100.0,2
512,2012-11-22,100.0,8
513,2012-11-23,100.0,8
514,2012-11-24,100.0,6
515,2012-11-25,100.0,4
516,2012-11-26,100.0,4
517,2012-11-27,100.0,1
518,2012-11-28,100.0,2
519,2012-11-29,100.0,3
520,2012-11-30,100.0,4
521,2012-12-01,100.0,6
522,2012-12-02,100.0,2
523,2012-12-03,100.0,4
524,2012-12-04,100.0,2
525,2012-12-05,100.0,1
526,2012-12-06,100.0,6
527,2012-12-07,100.0,4
528,2012-12-08,75.0,4
529,2012-12-09,100.0,4
530,2012-12-10,100.0,6
531,2012-12-11,100.0,13
532,2012-12-12,100.0,4
533,2012-12-13,100.0,6
534,2012-12-14,100.0,3
535,2012-12-15,100.0,6
536,2012-12-16,100.0,4
537,2012-12-17,100.0,1
538,2012-12-18,100.0,3
539,2012-12-19,100.0,7
540,2012-12-20,100.0,8
541,2012-12-21,93.75,16
542,2012-12-22,100.0,6
543,2012-12-23,100.0,8
544,2012-12-24,100.0,11
545,2012-12-25,100.0,6
546,2012-12-26,100.0,4
547,2012-12-27,100.0,7
548,2012-12-28,100.0,10
549,2012-12-29,100.0,10
550,2012-12-30,100.0,7
551,2012-12-31,100.0,18
552,2013-01-01,100.0,4
553,2013-01-02,100.0,7
554,2013-01-03,100.0,8
555,2013-01-04,100.0,15
556,2013-01-05,100.0,10
557,2013-01-06,100.0,7
558,2013-01-07,100.0,10
559,2013-01-08,100.0,5
560,2013-01-09,100.0,5
561,2013-01-10,100.0,5
562,2013-01-11,100.0,8
563,2013-01-12,100.0,4
564,2013-01-13,100.0,5
565,2013-01-14,100.0,2
566,2013-01-15,100.0,3
567,2013-01-16,100.0,6
568,2013-01-17,100.0,4
569,2013-01-18,100.0,14
570,2013-01-19,100.0,5
571,2013-01-20,100.0,7
572,2013-01-21,100.0,4
573,2013-01-22,100.0,5
574,2013-01-23,100.0,10
575,2013-01-24,100.0,7
576,2013-01-25,100.0,6
577,2013-01-26,100.0,9
578,2013-01-27,100.0,6
579,2013-01-28,100.0,4
580,2013-01-29,100.0,4
581,2013-01-30,75.0,4
582,2013-01-31,100.0,4
583,2013-02-01,100.0,4
584,2013-02-02,87.5,8
585,2013-02-04,100.0,3
586,2013-02-05,100.0,2
587,2013-02-06,100.0,3
588,2013-02-07,80.0,5
589,2013-02-08,100.0,7
590,2013-02-09,100.0,9
591,2013-02-10,100.0,6
592,2013-02-11,100.0,5
593,2013-02-12,100.0,4
594,2013-02-13,100.0,3
595,2013-02-14,100.0,2
596,2013-02-15,90.0,10
597,2013-02-16,100.0,5
598,2013-02-17,100.0,3
599,2013-02-18,100.0,1
600,2013-02-19,100.0,4
601,2013-02-20,100.0,4
602,2013-02-21,100.0,6
603,2013-02-22,100.0,6
604,2013-02-23,100.0,10
605,2013-02-24,100.0,5
606,2013-02-25,100.0,7
607,2013-02-26,100.0,3
608,2013-02-27,100.0,5
609,2013-02-28,100.0,12
610,2013-03-01,100.0,2
611,2013-03-02,100.0,9
612,2013-03-03,100.0,4
613,2013-03-04,100.0,8
614,2013-03-05,100.0,11
615,2013-03-06,100.0,4
616,2013-03-07,100.0,3
617,2013-03-08,100.0,8
618,2013-03-09,100.0,8
619,2013-03-10,100.0,3
620,2013-03-11,100.0,2
621,2013-03-12,100.0,4
622,2013-03-13,100.0,4
623,2013-03-14,83.33333333333334,6
624,2013-03-15,90.9090909090909,11
625,2013-03-16,100.0,7
626,2013-03-17,100.0,5
627,2013-03-18,100.0,10
628,2013-03-19,90.0,10
629,2013-03-20,100.0,10
630,2013-03-21,100.0,6
631,2013-03-22,100.0,14
632,2013-03-23,91.66666666666666,12
633,2013-03-24,100.0,4
634,2013-03-25,100.0,8
635,2013-03-26,100.0,8
636,2013-03-27,100.0,4
637,2013-03-28,100.0,6
638,2013-03-29,100.0,12
639,2013-03-30,100.0,10
640,2013-03-31,100.0,8
641,2013-04-01,83.33333333333334,6
642,2013-04-02,100.0,10
643,2013-04-03,100.0,8
644,2013-04-04,85.71428571428571,7
645,2013-04-05,100.0,6
646,2013-04-06,100.0,11
647,2013-04-07,100.0,9
648,2013-04-08,83.33333333333334,6
649,2013-04-09,80.0,5
650,2013-04-10,100.0,5
651,2013-04-11,100.0,8
652,2013-04-12,100.0,6
653,2013-04-13,80.0,10
654,2013-04-14,100.0,6
655,2013-04-15,100.0,3
656,2013-04-16,100.0,3
657,2013-04-17,100.0,3
658,2013-04-18,100.0,8
659,2013-04-19,100.0,9
660,2013-04-20,100.0,8
661,2013-04-21,66.66666666666666,3
662,2013-04-22,100.0,2
663,2013-04-23,100.0,6
664,2013-04-24,100.0,12
665,2013-04-25,100.0,8
666,2013-04-26,100.0,9
667,2013-04-27,100.0,9
668,2013-04-28,100.0,5
669,2013-04-29,100.0,8
670,2013-04-30,100.0,3
671,2013-05-01,100.0,5
672,2013-05-02,100.0,2
673,2013-05-03,100.0,12
674,2013-05-04,100.0,9
675,2013-05-05,100.0,3
676,2013-05-06,100.0,2
677,2013-05-07,100.0,4
678,2013-05-08,100.0,5
679,2013-05-09,100.0,5
680,2013-05-10,66.66666666666666,3
681,2013-05-11,90.0,10
682,2013-05-12,100.0,9
683,2013-05-13,100.0,7
684,2013-05-14,100.0,8
685,2013-05-15,100.0,7
686,2013-05-16,66.66666666666666,3
687,2013-05-17,100.0,15
688,2013-05-18,88.88888888888889,9
689,2013-05-19,100.0,14
690,2013-05-20,100.0,10
691,2013-05-21,100.0,11
692,2013-05-22,100.0,6
693,2013-05-23,100.0,5
694,2013-05-24,100.0,8
695,2013-05-25,100.0,7
696,2013-05-26,100.0,5
697,2013-05-27,100.0,10
698,2013-05-28,100.0,7
699,2013-05-29,100.0,4
700,2013-05-30,100.0,7
701,2013-05-31,100.0,6
702,2013-06-01,90.9090909090909,11
703,2013-06-02,88.88888888888889,9
704,2013-06-03,100.0,7
705,2013-06-04,100.0,9
706,2013-06-05,100.0,10
707,2013-06-06,100.0,9
708,2013-06-07,100.0,13
709,2013-06-08,100.0,9
710,2013-06-09,100.0,10
711,2013-06-10,100.0,5
712,2013-06-11,100.0,5
713,2013-06-12,100.0,7
714,2013-06-13,100.0,2
715,2013-06-14,86.66666666666667,15
716,2013-06-15,100.0,20
717,2013-06-16,100.0,3
718,2013-06-17,80.0,5
719,2013-06-18,100.0,5
720,2013-06-19,100.0,11
721,2013-06-20,100.0,13
722,2013-06-21,92.3076923076923,13
723,2013-06-22,85.71428571428571,7
724,2013-06-23,100.0,8
725,2013-06-24,90.9090909090909,11
726,2013-06-25,100.0,13
727,2013-06-26,92.85714285714286,14
728,2013-06-27,100.0,10
729,2013-06-28,100.0,11
730,2013-06-29,100.0,11
731,2013-06-30,100.0,10
732,2013-07-01,83.33333333333334,6
733,2013-07-02,100.0,7
734,2013-07-03,100.0,7
735,2013-07-04,83.33333333333334,6
736,2013-07-05,100.0,10
737,2013-07-06,100.0,1
738,2013-07-07,100.0,11
739,2013-07-08,100.0,4
740,2013-07-09,87.5,8
741,2013-07-10,100.0,10
742,2013-07-11,100.0,16
743,2013-07-12,88.88888888888889,9
744,2013-07-13,95.23809523809523,21
745,2013-07-14,94.73684210526315,19
746,2013-07-15,100.0,13
747,2013-07-16,96.66666666666667,30
748,2013-07-17,100.0,15
749,2013-07-18,95.23809523809523,21
750,2013-07-19,100.0,15
751,2013-07-20,100.0,13
752,2013-07-21,100.0,12
753,2013-07-22,100.0,13
754,2013-07-23,100.0,14
755,2013-07-24,88.88888888888889,9
756,2013-07-25,100.0,6
757,2013-07-26,90.0,10
758,2013-07-27,100.0,7
759,2013-07-28,91.66666666666666,12
760,2013-07-29,100.0,5
761,2013-07-30,100.0,6
762,2013-07-31,100.0,6
763,2013-08-01,100.0,6
764,2013-08-02,100.0,9
765,2013-08-03,100.0,9
766,2013-08-04,100.0,12
767,2013-08-05,100.0,5
768,2013-08-06,100.0,9
769,2013-08-07,100.0,4
770,2013-08-08,100.0,4
771,2013-08-09,100.0,6
772,2013-08-10,100.0,6
773,2013-08-11,91.66666666666666,12
774,2013-08-12,100.0,11
775,2013-08-13,100.0,7
776,2013-08-14,100.0,6
777,2013-08-15,100.0,8
778,2013-08-16,100.0,10
779,2013-08-17,100.0,12
780,2013-08-18,88.88888888888889,9
781,2013-08-19,100.0,4
782,2013-08-20,100.0,8
783,2013-08-21,100.0,7
784,2013-08-22,100.0,4
785,2013-08-23,100.0,9
786,2013-08-24,100.0,8
787,2013-08-25,100.0,10
788,2013-08-26,100.0,7
789,2013-08-27,91.66666666666666,12
790,2013-08-28,100.0,4
791,2013-08-29,100.0,7
792,2013-08-30,90.9090909090909,11
793,2013-08-31,100.0,12
794,2013-09-01,100.0,7
795,2013-09-02,100.0,6
796,2013-09-03,100.0,2
797,2013-09-04,100.0,5
798,2013-09-05,100.0,10
799,2013-09-06,100.0,8
800,2013-09-07,100.0,9
801,2013-09-08,100.0,11
802,2013-09-09,100.0,11
803,2013-09-10,100.0,4
804,2013-09-11,100.0,10
805,2013-09-12,100.0,4
806,2013-09-13,100.0,11
807,2013-09-14,100.0,14
808,2013-09-15,100.0,8
809,2013-09-16,80.0,5
810,2013-09-17,100.0,2
811,2013-09-18,75.0,4
812,2013-09-19,100.0,5
813,2013-09-20,100.0,8
814,2013-09-21,100.0,8
815,2013-09-22,100.0,6
816,2013-09-23,100.0,10
817,2013-09-24,100.0,5
818,2013-09-25,100.0,14
819,2013-09-26,100.0,7
820,2013-09-27,100.0,12
821,2013-09-28,88.88888888888889,9
822,2013-09-29,90.9090909090909,11
823,2013-09-30,100.0,9
824,2013-10-01,100.0,6
825,2013-10-02,100.0,12
826,2013-10-03,100.0,7
827,2013-10-04,100.0,10
828,2013-10-05,100.0,4
829,2013-10-06,100.0,12
830,2013-10-07,100.0,9
831,2013-10-08,100.0,10
832,2013-10-09,100.0,6
833,2013-10-10,100.0,3
834,2013-10-11,100.0,11
835,2013-10-12,81.81818181818183,11
836,2013-10-13,100.0,8
837,2013-10-14,100.0,10
838,2013-10-15,100.0,3
839,2013-10-16,66.66666666666666,3
840,2013-10-17,100.0,11
841,2013-10-18,100.0,10
842,2013-10-19,100.0,13
843,2013-10-20,100.0,8
844,2013-10-21,50.0,2
845,2013-10-22,100.0,6
846,2013-10-23,100.0,10
847,2013-10-24,100.0,9
848,2013-10-25,100.0,12
849,2013-10-26,100.0,11
850,2013-10-27,90.0,10
851,2013-10-28,100.0,9
852,2013-10-29,100.0,11
853,2013-10-30,100.0,7
854,2013-10-31,90.9090909090909,11
855,2013-11-01,100.0,8
856,2013-11-02,100.0,8
857,2013-11-03,100.0,5
858,2013-11-04,100.0,7
859,2013-11-05,100.0,7
860,2013-11-06,100.0,3
861,2013-11-07,100.0,8
862,2013-11-08,100.0,8
863,2013-11-09,100.0,15
864,2013-11-10,81.81818181818183,11
865,2013-11-11,100.0,10
866,2013-11-12,100.0,15
867,2013-11-13,100.0,12
868,2013-11-14,100.0,9
869,2013-11-15,87.5,8
870,2013-11-16,100.0,12
871,2013-11-17,100.0,10
872,2013-11-18,100.0,5
873,2013-11-19,100.0,11
874,2013-11-20,90.0,10
875,2013-11-21,100.0,11
876,2013-11-22,100.0,12
877,2013-11-23,100.0,12
878,2013-11-24,100.0,8
879,2013-11-25,91.58878504672897,107
880,2013-11-26,89.83050847457628,118
881,2013-11-27,93.4065934065934,91
882,2013-11-28,93.93939393939394,99
883,2013-11-29,94.48818897637796,127
884,2013-11-30,94.69026548672566,113
885,2013-12-01,98.29059829059828,117
886,2013-12-02,95.6043956043956,91
887,2013-12-03,95.45454545454545,88
888,2013-12-04,94.3820224719101,89
889,2013-12-05,91.66666666666666,72
890,2013-12-06,96.0,125
891,2013-12-07,92.85714285714286,98
892,2013-12-08,94.18604651162791,86
893,2013-12-09,92.94117647058823,85
894,2013-12-10,94.73684210526315,76
895,2013-12-11,94.04761904761905,84
896,2013-12-12,95.50561797752809,89
897,2013-12-13,98.82352941176471,85
898,2013-12-14,96.42857142857143,84
899,2013-12-15,90.51724137931035,116
900,2013-12-16,96.07843137254902,102
901,2013-12-17,93.33333333333333,120
902,2013-12-18,94.39252336448598,107
903,2013-12-19,95.71428571428572,140
904,2013-12-20,92.66666666666666,150
905,2013-12-21,94.8905109489051,137
906,2013-12-22,96.06299212598425,127
907,2013-12-23,96.75324675324676,154
908,2013-12-24,92.5233644859813,107
909,2013-12-25,93.7888198757764,161
910,2013-12-26,95.32163742690058,171
911,2013-12-27,97.12230215827337,139
912,2013-12-28,93.38235294117648,136
913,2013-12-29,93.82716049382715,162
914,2013-12-30,94.32624113475178,141
915,2013-12-31,96.58119658119658,117
916,2014-01-01,95.48872180451127,133
917,2014-01-02,92.96875,128
918,2014-01-03,100.0,74
919,2014-01-04,93.45794392523365,107
920,2014-01-05,96.20253164556962,79
921,2014-01-06,95.23809523809523,84
922,2014-01-07,94.44444444444444,72
923,2014-01-08,91.52542372881356,59
924,2014-01-09,92.53731343283582,67
925,2014-01-10,90.9090909090909,77
926,2014-01-11,96.0,75
927,2014-01-12,94.5945945945946,74
928,2014-01-13,95.0,80
929,2014-01-14,93.05555555555556,72
930,2014-01-15,91.66666666666666,72
931,2014-01-16,98.4126984126984,63
932,2014-01-17,94.44444444444444,72
933,2014-01-18,94.28571428571428,70
934,2014-01-19,94.44444444444444,72
935,2014-01-20,94.73684210526315,76
936,2014-01-21,90.76923076923077,65
937,2014-01-22,95.55555555555556,45
938,2014-01-23,91.17647058823529,68
939,2014-01-24,95.8904109589041,73
940,2014-01-25,91.66666666666666,72
941,2014-01-26,98.24561403508771,57
942,2014-01-27,90.9090909090909,66
943,2014-01-28,94.73684210526315,57
944,2014-01-29,100.0,52
945,2014-01-30,96.22641509433963,53
946,2014-01-31,92.1875,64
947,2014-02-01,87.91208791208791,91
948,2014-02-02,89.83050847457628,59
949,2014-02-03,88.33333333333333,60
950,2014-02-04,94.54545454545455,55
951,2014-02-05,96.66666666666667,60
952,2014-02-06,90.9090909090909,66
953,2014-02-07,92.13483146067416,89
954,2014-02-08,93.58974358974359,78
955,2014-02-09,88.23529411764706,51
956,2014-02-10,92.72727272727272,55
957,2014-02-11,82.97872340425532,47
958,2014-02-12,96.96969696969697,99
959,2014-02-13,93.61702127659575,94
960,2014-02-14,94.9579831932773,119
961,2014-02-15,92.45283018867924,106
962,2014-02-16,95.77464788732394,71
963,2014-02-17,95.45454545454545,66
964,2014-02-18,94.91525423728814,59
965,2014-02-19,94.64285714285714,56
966,2014-02-20,93.22033898305084,59
967,2014-02-21,90.0,80
968,2014-02-22,91.57894736842105,95
969,2014-02-23,92.5925925925926,54
970,2014-02-24,92.85714285714286,56
971,2014-02-25,88.23529411764706,68
972,2014-02-26,93.18181818181817,44
973,2014-02-27,94.44444444444444,72
974,2014-02-28,91.46341463414635,82
975,2014-03-01,94.66666666666667,75
976,2014-03-02,88.09523809523809,42
977,2014-03-03,88.23529411764706,51
978,2014-03-04,93.54838709677419,31
979,2014-03-05,95.34883720930233,43
980,2014-03-06,95.23809523809523,42
981,2014-03-07,92.04545454545455,88
982,2014-03-08,96.875,96
983,2014-03-09,94.44444444444444,54
984,2014-03-10,93.33333333333333,45
985,2014-03-11,83.33333333333334,30
986,2014-03-12,94.33962264150944,53
987,2014-03-13,88.37209302325581,43
988,2014-03-14,92.95774647887323,71
989,2014-03-15,88.40579710144928,69
990,2014-03-16,89.79591836734694,49
991,2014-03-17,80.43478260869566,46
992,2014-03-18,92.3076923076923,52
993,2014-03-19,89.13043478260869,46
994,2014-03-20,92.3076923076923,52
995,2014-03-21,92.95774647887323,71
996,2014-03-22,89.0625,64
997,2014-03-23,93.02325581395348,43
998,2014-03-24,90.56603773584906,53
999,2014-03-25,92.3076923076923,26
1000,2014-03-26,100.0,34
1001,2014-03-27,90.69767441860465,43
1002,2014-03-28,95.52238805970148,67
1003,2014-03-29,85.71428571428571,70
1004,2014-03-30,95.45454545454545,44
1005,2014-03-31,92.85714285714286,42
1006,2014-04-01,89.79591836734694,49
1007,2014-04-02,94.64285714285714,56
1008,2014-04-03,92.0,50
1009,2014-04-04,91.13924050632912,79
1010,2014-04-05,92.85714285714286,56
1011,2014-04-06,91.37931034482759,58
1012,2014-04-07,94.44444444444444,36
1013,2014-04-08,90.74074074074075,54
1014,2014-04-09,97.36842105263158,38
1015,2014-04-10,94.64285714285714,56
1016,2014-04-11,89.83050847457628,59
1017,2014-04-12,89.58333333333334,48
1018,2014-04-13,94.91525423728814,59
1019,2014-04-14,85.18518518518519,81
1020,2014-04-15,93.10344827586206,58
1021,2014-04-16,92.85714285714286,56
1022,2014-04-17,89.79591836734694,49
1023,2014-04-18,88.88888888888889,54
1024,2014-04-19,88.05970149253731,67
1025,2014-04-20,86.66666666666667,60
1026,2014-04-21,87.87878787878788,66
1027,2014-04-22,90.625,32
1028,2014-04-23,97.95918367346938,49
1029,2014-04-24,95.0,60
1030,2014-04-25,88.33333333333333,60
1031,2014-04-26,87.09677419354838,62
1032,2014-04-27,93.18181818181817,44
1033,2014-04-28,95.83333333333334,24
1034,2014-04-29,92.15686274509804,51
1035,2014-04-30,90.2439024390244,41
1036,2014-05-01,91.66666666666666,48
1037,2014-05-02,86.4406779661017,59
1038,2014-05-03,90.74074074074075,54
1039,2014-05-04,85.71428571428571,42
1040,2014-05-05,90.0,40
1041,2014-05-06,81.25,32
1042,2014-05-07,88.37209302325581,43
1043,2014-05-08,94.28571428571428,35
1044,2014-05-09,82.45614035087719,57
1045,2014-05-10,95.65217391304348,46
1046,2014-05-11,92.0,50
1047,2014-05-12,96.42857142857143,28
1048,2014-05-13,92.15686274509804,51
1049,2014-05-14,88.88888888888889,45
1050,2014-05-15,84.84848484848484,33
1051,2014-05-16,89.28571428571429,56
1052,2014-05-17,93.18181818181817,44
1053,2014-05-18,92.3076923076923,39
1054,2014-05-19,82.5,40
1055,2014-05-20,85.71428571428571,42
1056,2014-05-21,97.14285714285714,35
1057,2014-05-22,91.8918918918919,37
1058,2014-05-23,92.5925925925926,54
1059,2014-05-24,91.37931034482759,58
1060,2014-05-25,88.88888888888889,36
1061,2014-05-26,92.5,40
1062,2014-05-27,93.54838709677419,31
1063,2014-05-28,75.86206896551724,58
1064,2014-05-29,87.17948717948718,39
1065,2014-05-30,93.22033898305084,59
1066,2014-05-31,85.48387096774194,62
1067,2014-06-01,90.0,50
1068,2014-06-02,89.47368421052632,38
1069,2014-06-03,91.8918918918919,37
1070,2014-06-04,94.28571428571428,35
1071,2014-06-05,81.3953488372093,43
1072,2014-06-06,89.65517241379311,58
1073,2014-06-07,89.85507246376811,69
1074,2014-06-08,91.78082191780823,73
1075,2014-06-09,95.45454545454545,44
1076,2014-06-10,84.0,25
1077,2014-06-11,89.36170212765957,47
1078,2014-06-12,79.48717948717949,39
1079,2014-06-13,92.1875,64
1080,2014-06-14,88.13559322033898,59
1081,2014-06-15,86.48648648648648,37
1082,2014-06-16,90.32258064516128,31
1083,2014-06-17,94.23076923076923,52
1084,2014-06-18,82.92682926829268,41
1085,2014-06-19,91.75257731958763,97
1086,2014-06-20,95.33678756476684,193
1087,2014-06-21,96.88888888888889,225
1088,2014-06-22,91.76470588235294,170
1089,2014-06-23,93.67816091954023,174
1090,2014-06-24,93.91891891891892,148
1091,2014-06-25,93.57142857142857,140
1092,2014-06-26,91.83673469387756,147
1093,2014-06-27,93.6046511627907,172
1094,2014-06-28,91.77215189873418,158
1095,2014-06-29,89.22155688622755,167
1096,2014-06-30,95.62043795620438,137
1097,2014-07-01,87.5,96
1098,2014-07-02,92.92929292929293,99
1099,2014-07-03,91.11111111111111,90
1100,2014-07-04,84.52380952380952,84
1101,2014-07-05,87.87878787878788,66
1102,2014-07-06,89.87341772151899,79
1103,2014-07-07,96.34146341463415,82
1104,2014-07-08,91.2621359223301,103
1105,2014-07-09,93.10344827586206,87
1106,2014-07-10,89.0625,64
1107,2014-07-11,88.60759493670885,79
1108,2014-07-12,95.45454545454545,88
1109,2014-07-13,93.58974358974359,78
1110,2014-07-14,84.21052631578947,76
1111,2014-07-15,85.07462686567165,67
1112,2014-07-16,93.54838709677419,62
1113,2014-07-17,88.13559322033898,59
1114,2014-07-18,88.46153846153845,78
1115,2014-07-19,95.94594594594594,74
1116,2014-07-20,97.82608695652173,46
1117,2014-07-21,86.36363636363636,66
1118,2014-07-22,89.36170212765957,47
1119,2014-07-23,87.67123287671232,73
1120,2014-07-24,90.56603773584906,53
1121,2014-07-25,89.41176470588236,85
1122,2014-07-26,95.78947368421052,95
1123,2014-07-27,89.47368421052632,57
1124,2014-07-28,84.31372549019608,51
1125,2014-07-29,89.47368421052632,38
1126,2014-07-30,95.55555555555556,45
1127,2014-07-31,87.09677419354838,31
1128,2014-08-01,88.40579710144928,69
1129,2014-08-02,96.47058823529412,85
1130,2014-08-03,89.79591836734694,49
1131,2014-08-04,95.23809523809523,42
1132,2014-08-05,80.85106382978722,47
1133,2014-08-06,90.0,50
1134,2014-08-07,90.47619047619048,42
1135,2014-08-08,89.70588235294117,68
1136,2014-08-09,84.21052631578947,57
1137,2014-08-10,90.9090909090909,44
1138,2014-08-11,91.22807017543859,57
1139,2014-08-12,97.77777777777777,45
1140,2014-08-13,93.18181818181817,44
1141,2014-08-14,86.66666666666667,45
1142,2014-08-15,88.60759493670885,79
1143,2014-08-16,90.14084507042254,71
1144,2014-08-17,93.47826086956522,46
1145,2014-08-18,94.23076923076923,52
1146,2014-08-19,95.45454545454545,44
1147,2014-08-20,84.375,32
1148,2014-08-21,82.22222222222221,45
1149,2014-08-22,86.95652173913044,69
1150,2014-08-23,91.37931034482759,58
1151,2014-08-24,90.2439024390244,41
1152,2014-08-25,97.77777777777777,45
1153,2014-08-26,97.61904761904762,42
1154,2014-08-27,92.6829268292683,41
1155,2014-08-28,96.42857142857143,56
1156,2014-08-29,92.85714285714286,56
1157,2014-08-30,94.87179487179486,78
1158,2014-08-31,90.69767441860465,43
1159,2014-09-01,100.0,36
1160,2014-09-02,93.87755102040816,49
1161,2014-09-03,92.6829268292683,41
1162,2014-09-04,86.36363636363636,44
1163,2014-09-05,85.96491228070175,57
1164,2014-09-06,80.7017543859649,57
1165,2014-09-07,93.93939393939394,33
1166,2014-09-08,87.5,56
1167,2014-09-09,91.8918918918919,37
1168,2014-09-10,91.66666666666666,48
1169,2014-09-11,92.85714285714286,42
1170,2014-09-12,92.15686274509804,51
1171,2014-09-13,86.3013698630137,73
1172,2014-09-14,84.84848484848484,33
1173,2014-09-15,90.9090909090909,44
1174,2014-09-16,89.47368421052632,38
1175,2014-09-17,91.83673469387756,49
1176,2014-09-18,92.85714285714286,42
1177,2014-09-19,92.1875,64
1178,2014-09-20,90.74074074074075,54
1179,2014-09-21,89.58333333333334,48
1180,2014-09-22,85.71428571428571,49
1181,2014-09-23,91.80327868852459,61
1182,2014-09-24,89.28571428571429,56
1183,2014-09-25,90.74074074074075,54
1184,2014-09-26,91.22807017543859,57
1185,2014-09-27,79.16666666666666,48
1186,2014-09-28,88.09523809523809,42
1187,2014-09-29,89.0625,64
1188,2014-09-30,87.3015873015873,63
1189,2014-10-01,88.23529411764706,68
1190,2014-10-02,86.66666666666667,60
1191,2014-10-03,88.88888888888889,45
1192,2014-10-04,91.66666666666666,60
1193,2014-10-05,90.56603773584906,53
1194,2014-10-06,87.8048780487805,41
1195,2014-10-07,89.79591836734694,49
1196,2014-10-08,80.0,50
1197,2014-10-09,97.5609756097561,41
1198,2014-10-10,85.45454545454545,55
1199,2014-10-11,85.71428571428571,63
1200,2014-10-12,86.04651162790698,43
1201,2014-10-13,83.87096774193549,31
1202,2014-10-14,91.48936170212765,47
1203,2014-10-15,92.0,50
1204,2014-10-16,84.48275862068965,58
1205,2014-10-17,86.88524590163934,61
1206,2014-10-18,93.93939393939394,66
1207,2014-10-19,95.23809523809523,42
1208,2014-10-20,86.66666666666667,30
1209,2014-10-21,84.61538461538461,26
1210,2014-10-23,90.9090909090909,22
1211,2014-10-24,87.71929824561403,57
1212,2014-10-25,81.48148148148148,54
1213,2014-10-26,83.01886792452831,53
1214,2014-10-27,91.42857142857143,35
1215,2014-10-28,85.71428571428571,56
1216,2014-10-29,83.72093023255815,43
1217,2014-10-30,90.0,40
1218,2014-10-31,82.71604938271605,81
1219,2014-11-01,84.12698412698413,63
1220,2014-11-02,90.625,64
1221,2014-11-03,91.37931034482759,58
1222,2014-11-04,91.66666666666666,48
1223,2014-11-05,88.57142857142857,35
1224,2014-11-06,88.88888888888889,54
1225,2014-11-07,90.0,50
1226,2014-11-08,87.83783783783784,74
1227,2014-11-09,88.88888888888889,36
1228,2014-11-10,86.95652173913044,46
1229,2014-11-11,91.8918918918919,37
1230,2014-11-12,84.0909090909091,44
1231,2014-11-13,85.71428571428571,49
1232,2014-11-14,85.71428571428571,70
1233,2014-11-15,83.87096774193549,62
1234,2014-11-16,87.5,32
1235,2014-11-17,87.2340425531915,47
1236,2014-11-18,97.43589743589743,39
1237,2014-11-19,92.3076923076923,39
1238,2014-11-20,87.17948717948718,39
1239,2014-11-21,82.97872340425532,47
1240,2014-11-22,92.3076923076923,65
1241,2014-11-23,90.38461538461539,52
1242,2014-11-24,95.1219512195122,41
1243,2014-11-25,92.3076923076923,26
1244,2014-11-26,91.11111111111111,45
1245,2014-11-27,86.76470588235294,68
1246,2014-11-28,82.89473684210526,76
1247,2014-11-29,92.3076923076923,78
1248,2014-11-30,84.48275862068965,58
1249,2014-12-01,95.16129032258065,62
1250,2014-12-02,88.88888888888889,45
1251,2014-12-03,95.0,40
1252,2014-12-04,76.47058823529412,51
1253,2014-12-05,84.93150684931507,73
1254,2014-12-06,82.43243243243244,74
1255,2014-12-07,89.79591836734694,49
1256,2014-12-08,91.83673469387756,49
1257,2014-12-09,90.9090909090909,55
1258,2014-12-10,86.11111111111111,36
1259,2014-12-11,80.0,55
1260,2014-12-12,84.50704225352112,71
1261,2014-12-13,87.5,72
1262,2014-12-14,93.10344827586206,58
1263,2014-12-15,96.15384615384616,52
1264,2014-12-16,94.82758620689656,58
1265,2014-12-17,83.75,80
1266,2014-12-18,90.78947368421053,76
1267,2014-12-19,88.09523809523809,84
1268,2014-12-20,88.50574712643679,87
1269,2014-12-21,88.88888888888889,90
1270,2014-12-22,92.85714285714286,112
1271,2014-12-23,92.5531914893617,94
1272,2014-12-24,84.48275862068965,58
1273,2014-12-25,90.78947368421053,76
1274,2014-12-26,87.34177215189874,79
1275,2014-12-27,94.73684210526315,76
1276,2014-12-28,92.06349206349206,63
1277,2014-12-29,90.78947368421053,76
1278,2014-12-30,93.54838709677419,62
1279,2014-12-31,91.04477611940298,67
1280,2015-01-01,93.75,80
1281,2015-01-02,83.82352941176471,68
1282,2015-01-03,95.3125,64
1283,2015-01-04,97.2972972972973,74
1284,2015-01-05,93.22033898305084,59
1285,2015-01-06,77.55102040816327,49
1286,2015-01-07,92.5925925925926,54
1287,2015-01-08,83.33333333333334,54
1288,2015-01-09,88.52459016393442,61
1289,2015-01-10,80.3921568627451,51
1290,2015-01-11,89.47368421052632,57
1291,2015-01-12,89.04109589041096,73
1292,2015-01-13,80.7017543859649,57
1293,2015-01-14,80.3921568627451,51
1294,2015-01-15,86.88524590163934,61
1295,2015-01-16,80.72289156626506,83
1296,2015-01-17,85.45454545454545,55
1297,2015-01-18,91.07142857142857,56
1298,2015-01-19,90.9090909090909,77
1299,2015-01-20,85.71428571428571,70
1300,2015-01-21,94.82758620689656,58
1301,2015-01-22,89.47368421052632,57
1302,2015-01-23,84.21052631578947,76
1303,2015-01-24,79.6875,64
1304,2015-01-25,87.5,48
1305,2015-01-26,85.9375,64
1306,2015-01-27,92.85714285714286,56
1307,2015-01-28,90.1639344262295,61
1308,2015-01-29,81.81818181818183,44
1309,2015-01-30,86.15384615384616,65
1310,2015-01-31,86.48648648648648,74
1311,2015-02-01,93.22033898305084,59
1312,2015-02-02,91.66666666666666,36
1313,2015-02-03,91.07142857142857,56
1314,2015-02-04,78.04878048780488,41
1315,2015-02-05,80.0,35
1316,2015-02-06,91.66666666666666,60
1317,2015-02-07,90.0,60
1318,2015-02-08,71.42857142857143,28
1319,2015-02-09,92.0,50
1320,2015-02-10,89.47368421052632,38
1321,2015-02-11,88.88888888888889,18
1322,2015-02-12,88.23529411764706,17
1323,2015-02-13,88.52459016393442,61
1324,2015-02-14,91.22807017543859,57
1325,2015-02-15,85.41666666666666,48
1326,2015-02-16,86.8421052631579,38
1327,2015-02-17,86.36363636363636,44
1328,2015-02-18,86.48648648648648,37
1329,2015-02-19,91.22807017543859,57
1330,2015-02-20,91.66666666666666,48
1331,2015-02-21,89.47368421052632,57
1332,2015-02-22,87.87878787878788,33
1333,2015-02-23,88.88888888888889,36
1334,2015-02-24,92.3076923076923,26
1335,2015-02-25,85.18518518518519,27
1336,2015-02-26,77.77777777777779,45
1337,2015-02-27,86.58536585365853,82
1338,2015-02-28,88.1578947368421,76
1339,2015-03-01,88.09523809523809,42
1340,2015-03-02,88.23529411764706,34
1341,2015-03-04,85.0,20
1342,2015-03-05,89.47368421052632,38
1343,2015-03-06,85.9375,64
1344,2015-03-07,90.47619047619048,63
1345,2015-03-08,88.57142857142857,35
1346,2015-03-09,94.11764705882352,34
1347,2015-03-10,97.72727272727273,44
1348,2015-03-11,94.28571428571428,35
1349,2015-03-12,93.33333333333333,30
1350,2015-03-13,90.9090909090909,66
1351,2015-03-14,89.33333333333333,75
1352,2015-03-15,97.61904761904762,42
1353,2015-03-16,85.71428571428571,42
1354,2015-03-17,93.33333333333333,30
1355,2015-03-18,97.05882352941177,34
1356,2015-03-19,87.17948717948718,39
1357,2015-03-20,87.5,56
1358,2015-03-21,100.0,48
1359,2015-03-22,91.66666666666666,24
1360,2015-03-23,92.0,50
1361,2015-03-24,84.78260869565217,46
1362,2015-03-25,95.34883720930233,43
1363,2015-03-26,88.37209302325581,43
1364,2015-03-27,95.65217391304348,46
1365,2015-03-28,89.85507246376811,69
1366,2015-03-29,95.65217391304348,46
1367,2015-03-30,80.43478260869566,46
1368,2015-03-31,89.74358974358975,39
1369,2015-04-01,88.88888888888889,54
1370,2015-04-02,75.0,48
1371,2015-04-03,84.90566037735849,53
1372,2015-04-04,86.88524590163934,61
1373,2015-04-05,92.0,50
1374,2015-04-06,88.46153846153845,52
1375,2015-04-07,85.1063829787234,47
1376,2015-04-08,92.85714285714286,56
1377,2015-04-09,87.5,56
1378,2015-04-10,85.1063829787234,47
1379,2015-04-11,77.04918032786885,61
1380,2015-04-12,81.63265306122449,49
1381,2015-04-13,85.45454545454545,55
1382,2015-04-14,85.24590163934425,61
1383,2015-04-15,93.54838709677419,62
1384,2015-04-16,91.42857142857143,35
1385,2015-04-17,85.45454545454545,55
1386,2015-04-18,86.36363636363636,66
1387,2015-04-19,93.47826086956522,46
1388,2015-04-20,84.375,32
1389,2015-04-21,90.0,50
1390,2015-04-22,86.36363636363636,44
1391,2015-04-23,82.5,40
1392,2015-04-24,82.25806451612904,62
1393,2015-04-25,74.28571428571429,70
1394,2015-04-26,77.77777777777779,63
1395,2015-04-27,80.76923076923077,52
1396,2015-04-28,80.55555555555556,36
1397,2015-04-29,94.11764705882352,34
1398,2015-04-30,96.7741935483871,31
1399,2015-05-01,83.33333333333334,42
1400,2015-05-02,78.78787878787878,66
1401,2015-05-03,82.05128205128204,39
1402,2015-05-04,91.42857142857143,35
1403,2015-05-05,94.5945945945946,37
1404,2015-05-06,87.87878787878788,33
1405,2015-05-07,90.0,30
1406,2015-05-08,86.15384615384616,65
1407,2015-05-09,85.71428571428571,42
1408,2015-05-10,92.0,50
1409,2015-05-11,89.74358974358975,39
1410,2015-05-12,89.74358974358975,39
1411,2015-05-13,83.33333333333334,30
1412,2015-05-14,86.8421052631579,38
1413,2015-05-15,86.66666666666667,45
1414,2015-05-16,100.0,57
1415,2015-05-17,93.02325581395348,43
1416,2015-05-18,90.0,30
1417,2015-05-19,87.17948717948718,39
1418,2015-05-20,90.625,32
1419,2015-05-21,90.0,30
1420,2015-05-22,94.0,50
1421,2015-05-23,79.1044776119403,67
1422,2015-05-24,79.54545454545455,44
1423,2015-05-25,94.87179487179486,39
1424,2015-05-26,94.87179487179486,39
1425,2015-05-27,90.625,32
1426,2015-05-28,89.74358974358975,39
1427,2015-05-29,90.47619047619048,84
1428,2015-05-30,90.58823529411765,85
1429,2015-05-31,94.73684210526315,38
1430,2015-06-01,90.0,60
1431,2015-06-02,89.74358974358975,39
1432,2015-06-03,87.71929824561403,57
1433,2015-06-04,86.27450980392157,51
1434,2015-06-05,79.72972972972973,74
1435,2015-06-06,80.26315789473685,76
1436,2015-06-07,92.1875,64
1437,2015-06-08,84.31372549019608,51
1438,2015-06-09,91.17647058823529,34
1439,2015-06-10,90.2439024390244,41
1440,2015-06-11,86.79245283018868,53
1441,2015-06-12,86.66666666666667,75
1442,2015-06-13,89.74358974358975,117
1443,2015-06-14,82.05128205128204,78
1444,2015-06-15,84.84848484848484,66
1445,2015-06-16,83.92857142857143,56
1446,2015-06-17,80.7017543859649,57
1447,2015-06-18,85.33333333333334,75
1448,2015-06-19,86.74698795180723,83
1449,2015-06-20,89.41176470588236,85
1450,2015-06-21,91.30434782608695,69
1451,2015-06-22,84.0,75
1452,2015-06-23,79.24528301886792,53
1453,2015-06-24,85.0,60
1454,2015-06-25,81.13207547169812,53
1455,2015-06-26,88.46153846153845,52
1456,2015-06-27,91.52542372881356,59
1457,2015-06-28,97.61904761904762,42
1458,2015-06-29,80.35714285714286,56
1459,2015-06-30,87.93103448275862,58
1460,2015-07-01,92.85714285714286,56
1461,2015-07-02,86.27450980392157,51
1462,2015-07-03,81.81818181818183,77
1463,2015-07-04,85.71428571428571,56
1464,2015-07-05,82.6923076923077,52
1465,2015-07-06,91.66666666666666,72
1466,2015-07-07,92.3076923076923,52
1467,2015-07-08,76.47058823529412,34
1468,2015-07-09,87.5,56
1469,2015-07-10,85.45454545454545,55
1470,2015-07-11,86.20689655172413,58
1471,2015-07-12,79.16666666666666,48
1472,2015-07-13,88.88888888888889,45
1473,2015-07-14,79.06976744186046,43
1474,2015-07-15,81.57894736842105,38
1475,2015-07-16,84.0909090909091,44
1476,2015-07-17,86.4406779661017,59
1477,2015-07-18,89.47368421052632,57
1478,2015-07-19,90.47619047619048,42
1479,2015-07-20,84.31372549019608,51
1480,2015-07-21,90.2439024390244,41
1481,2015-07-22,86.36363636363636,44
1482,2015-07-23,88.67924528301887,53
1483,2015-07-24,82.97872340425532,47
1484,2015-07-25,80.95238095238095,42
1485,2015-07-26,90.0,30
1486,2015-07-27,84.21052631578947,38
1487,2015-07-28,92.5,40
1488,2015-07-29,81.3953488372093,43
1489,2015-07-30,86.8421052631579,38
1490,2015-07-31,86.15384615384616,65
1491,2015-08-01,83.87096774193549,62
1492,2015-08-02,84.0,50
1493,2015-08-03,91.66666666666666,36
1494,2015-08-04,75.60975609756098,41
1495,2015-08-05,86.66666666666667,45
1496,2015-08-06,84.0909090909091,44
1497,2015-08-07,89.58333333333334,48
1498,2015-08-08,91.66666666666666,48
1499,2015-08-09,80.0,25
1500,2015-08-10,80.48780487804879,41
1501,2015-08-11,76.47058823529412,51
1502,2015-08-12,94.73684210526315,38
1503,2015-08-13,85.0,40
1504,2015-08-14,87.8048780487805,41
1505,2015-08-15,92.0,50
1506,2015-08-16,89.1891891891892,37
1507,2015-08-17,92.5,40
1508,2015-08-18,77.27272727272727,22
1509,2015-08-19,83.33333333333334,24
1510,2015-08-20,77.41935483870968,31
1511,2015-08-21,84.78260869565217,46
1512,2015-08-22,88.88888888888889,54
1513,2015-08-23,74.28571428571429,35
1514,2015-08-24,88.88888888888889,36
1515,2015-08-25,96.29629629629629,27
1516,2015-08-26,81.48148148148148,27
1517,2015-08-27,83.78378378378379,37
1518,2015-08-28,83.09859154929578,71
1519,2015-08-29,71.83098591549296,71
1520,2015-08-30,72.5,40
1521,2015-08-31,87.2340425531915,47
1522,2015-09-01,82.6923076923077,52
1523,2015-09-02,74.28571428571429,35
1524,2015-09-03,78.37837837837837,37
1525,2015-09-04,72.3404255319149,47
1526,2015-09-05,84.7457627118644,59
1527,2015-09-06,80.85106382978722,47
1528,2015-09-07,75.86206896551724,29
1529,2015-09-08,90.47619047619048,42
1530,2015-09-09,79.54545454545455,44
1531,2015-09-10,91.8918918918919,37
1532,2015-09-11,84.12698412698413,63
1533,2015-09-12,84.21052631578947,57
1534,2015-09-13,86.95652173913044,46
1535,2015-09-14,91.66666666666666,36
1536,2015-09-15,94.87179487179486,39
1537,2015-09-16,76.92307692307693,26
1538,2015-09-17,83.33333333333334,24
1539,2015-09-18,86.27450980392157,51
1540,2015-09-19,83.33333333333334,36
1541,2015-09-20,84.61538461538461,39
1542,2015-09-21,88.88888888888889,45
1543,2015-09-22,83.33333333333334,36
1544,2015-09-23,76.92307692307693,39
1545,2015-09-24,90.38461538461539,52
1546,2015-09-25,82.35294117647058,34
1547,2015-09-26,78.0,50
1548,2015-09-27,79.16666666666666,48
1549,2015-09-28,89.58333333333334,48
1550,2015-09-29,73.21428571428571,56
1551,2015-09-30,90.19607843137256,51
1552,2015-10-01,80.0,40
1553,2015-10-02,89.74358974358975,39
1554,2015-10-03,76.92307692307693,39
1555,2015-10-04,82.92682926829268,41
1556,2015-10-05,86.48648648648648,37
1557,2015-10-06,88.09523809523809,42
1558,2015-10-07,90.69767441860465,43
1559,2015-10-08,89.1891891891892,37
1560,2015-10-09,80.43478260869566,46
1561,2015-10-10,87.03703703703704,54
1562,2015-10-11,75.0,28
1563,2015-10-12,81.81818181818183,33
1564,2015-10-13,81.25,32
1565,2015-10-14,76.08695652173914,46
1566,2015-10-15,73.4375,64
1567,2015-10-16,60.75949367088608,79
1568,2015-10-17,52.77777777777778,72
1569,2015-10-18,62.5,48
1570,2015-10-19,80.0,45
1571,2015-10-20,73.13432835820896,67
1572,2015-10-21,80.0,55
1573,2015-10-22,83.78378378378379,37
1574,2015-10-23,81.13207547169812,53
1575,2015-10-24,78.57142857142857,56
1576,2015-10-25,75.0,44
1577,2015-10-26,83.78378378378379,37
1578,2015-10-27,80.76923076923077,52
1579,2015-10-28,79.06976744186046,43
1580,2015-10-29,85.0,40
1581,2015-10-30,85.5072463768116,69
1582,2015-10-31,86.4406779661017,59
1583,2015-11-01,84.72222222222221,72
1584,2015-11-02,85.41666666666666,48
1585,2015-11-03,86.66666666666667,45
1586,2015-11-04,76.31578947368422,38
1587,2015-11-05,77.08333333333334,48
1588,2015-11-06,75.0,64
1589,2015-11-07,81.81818181818183,44
1590,2015-11-08,77.96610169491525,59
1591,2015-11-09,90.19607843137256,51
1592,2015-11-10,82.6086956521739,46
1593,2015-11-11,84.0,50
1594,2015-11-12,78.57142857142857,42
1595,2015-11-13,65.45454545454545,55
1596,2015-11-14,83.33333333333334,72
1597,2015-11-15,77.58620689655173,58
1598,2015-11-16,84.78260869565217,46
1599,2015-11-17,75.60975609756098,41
1600,2015-11-18,83.33333333333334,48
1601,2015-11-19,79.54545454545455,44
1602,2015-11-20,85.71428571428571,63
1603,2015-11-21,85.29411764705883,68
1604,2015-11-22,83.92857142857143,56
1605,2015-11-23,89.58333333333334,48
1606,2015-11-24,90.19607843137256,51
1607,2015-11-25,78.43137254901961,51
1608,2015-11-26,83.33333333333334,42
1609,2015-11-27,83.82352941176471,68
1610,2015-11-28,80.32786885245902,61
1611,2015-11-29,82.97872340425532,47
1612,2015-11-30,81.35593220338984,59
1613,2015-12-01,84.12698412698413,63
1614,2015-12-02,87.6923076923077,65
1615,2015-12-03,92.15686274509804,51
1616,2015-12-04,95.94594594594594,74
1617,2015-12-05,84.84848484848484,66
1618,2015-12-06,85.96491228070175,57
1619,2015-12-07,74.0,50
1620,2015-12-08,82.25806451612904,62
1621,2015-12-09,88.13559322033898,59
1622,2015-12-10,80.7017543859649,57
1623,2015-12-11,93.54838709677419,62
1624,2015-12-12,84.12698412698413,63
1625,2015-12-13,84.61538461538461,52
1626,2015-12-14,80.3921568627451,51
1627,2015-12-15,91.52542372881356,59
1628,2015-12-16,87.75510204081633,49
1629,2015-12-17,84.61538461538461,39
1630,2015-12-18,83.01886792452831,53
1631,2015-12-19,88.37209302325581,43
1632,2015-12-20,77.41935483870968,62
1633,2015-12-21,83.63636363636363,55
1634,2015-12-22,80.51948051948052,77
1635,2015-12-23,84.76190476190476,105
1636,2015-12-24,84.84848484848484,66
1637,2015-12-25,81.9672131147541,61
1638,2015-12-26,80.0,75
1639,2015-12-27,88.23529411764706,85
1640,2015-12-28,89.24731182795699,93
1641,2015-12-29,87.01298701298701,77
1642,2015-12-30,84.0,75
1643,2015-12-31,92.10526315789474,76
